l_english:
 Constantinople:0 "Constantinople"
 EastConstantinople:0 "East Constantinople"
 Vilnius:0 "Vilnius"
 Magdagrad:0 "Magdagrad"
 Zizigrad:0 "Zizigrad"
 Marcus:0 "Marcus Island"
 Daemado:0 "Daemado"
 Rijeka:0 "Rijeka"
 
 #New city names
 SAINT_PT:0 "Saint Petersburg"
 PETRO_GRAD:0 "Petrograd"
 KAISER_STADT:0 "Kaiserstadt"
 Titograd:0 "Titograd"
 Beijing:0 "Beijing"
 
 ##German Names
 Germania:0 "Germania"
 Hindenburg:0 "Hindenburg"
 Ludendorff:0 "Ludendorff"
 Westprussia:0 "Westpreussen"
 Strassburg:0 "Strassburg"
 Mulhausen:0 "Mülhausen"
 Elsass:0 "Elsass-Lothringen"
 Kattowitz:0 "Kattowitz"
 Nordschleswig:0 "Nordschleswig"
 Tsingtao:0 "Tsingtao"
 Posen:0 "Posen"
 Gdingen:0 "Gdingen"
 Bromberg:0 "Bromberg"
 Thorn:0 "Thorn"
 Lodz:0 "Lodz" #German
 Plotzk:0 "Plotzk"
 Auschwitz:0 "Auschwitz"
 Jutland:0 "Jutland"
 Nanzig:0 "Nanzig"
 Karlsbad:0 "Karlsbad"
 Reichenberg:0 "Reichenberg"
 Nordsudetenland:0 "Nordsudetenland"
 Ostrau:0 "Ostrau"
 Ostsudetenland:0 "Ostsudetenland"
 Sudsudetenland:0 "Südsudetenland"
 Bozen:0 "Bozen"
 Sudtyrol:0 "Südtyrol"
 Veldes:0 "Veldes"
 Oberkrain:0 "Oberkrain"
 Krain:0 "Krain"
 Laibach:0 "Laibach"
 Odenburg:0 "Ödenburg"
 Pressburg:0 "Pressburg"
 Lemberg:0 "Lemberg"
 Stanislau:0 "Stanislau"
 Brestlito:0 "Brest-Litowsk"
 Wilna:0 "Wilna"
 eastberlin:0 "East Berlin"
 westberlin:0 "West Berlin"
 
 #Polish Names
 Gdansk:0 "Gdansk"
 Szczecin:0 "Szczecin"
 Olsztyn:0 "Olsztyn"
 Warmia:0 "Warmia-Masuria"
 Koszalin:0 "Koszalin"
 Koszalin_voi:0 "Koszalin"
 Kostrzyn:0 "Kostrzyn nad Odra"
 Gorzow:0 "Gorzów"
 Wroclaw:0 "Wrocław"
 Wroclaw_voi:0 "Wrocław"
 Opole:0 "Opole"
 Opole_voi:0 "Opole"
 Gliwice:0 "Gliwice"
 Nysa:0 "Nysa"
 Trzebnica:0 "Trzebnica"
 
 #Chinese Names
 Diaoyu:0 "Diaoyu Islands"
 Haishenwai:0 "Haishenwai"
 Boli:0 "Bólì"
 
 #Japanese Names
 Urajiosutoku:0 "Urajiosutoku"
 Kitakarafuto:0 "Kita Karafuto"
 
 #Soviet Names (Russian, Ukranian, and Belarusian)
 Kaliningrad:0 "Kaliningrad"
 Sakhalinsk:0 "Yuzhno-Sakhalinsk"
 Southsakhalin:0 "South Sakhalin"
 Sovetsk:0 "Sovetsk"
 Khotyn:0 "Khotyn"
 Kishinev:0 "Kishinev"
 Bilhorod:0 "Bilhorod-Dnistrovskyi"
 Budjak:0 "Budjak"
 Stanislav:0 "Stanislav"
 Lvov:0 "Lvov"
 Lviv:0 "Lviv"
 Rivne:0 "Rivne"
 Volhynia:0 "Volyn"
 Brest:0 "Brest"
 Pinsk:0 "Pinsk"
 Navahrudak:0 "Navahrudak"
 Baranavichy:0 "Baranavichy"
 Hrodna:0 "Hrodna"
 Vileyka:0 "Vileyka"
 Maladzyechna:0 "Maladzyechna"
 Vilna:0 "Vilna"
 Karelija:0 "Karelija"
 Vyborg:0 "Vyborg"
 Pechengsky:0 "Pechengsky"
 Kuoloyarvi:0 "Kuoloyarvi"
 Beltsy:0 "Beltsy"
 
